{"train": {"Finance&Banking": {"precision": 0.998766954377312, "recall": 0.9968354430379747, "f1-score": 0.9978002639683238, "support": 5688}, "Legal": {"precision": 0.9973453676665782, "recall": 0.9988479262672811, "f1-score": 0.9980960814700023, "support": 11284}, "IT/Research&Development": {"precision": 0.9987214728632615, "recall": 0.9981472016355737, "f1-score": 0.9984342546732706, "support": 15652}, "Medical/Medicine/Paramedical": {"precision": 1.0, "recall": 0.9985787884171256, "f1-score": 0.9992888888888889, "support": 5629}, "Businises&Corporate": {"precision": 0.9983901261067883, "recall": 0.9974534244739311, "f1-score": 0.9979215554810594, "support": 7461}, "Sales/Marketing/PR": {"precision": 0.9994902215219205, "recall": 0.9998145658523017, "f1-score": 0.9996523673781547, "support": 21571}, "Others": {"precision": 0.9993238239366327, "recall": 0.9996778973136636, "f1-score": 0.9995008292675073, "support": 31046}, "accuracy": 0.998972856983047, "macro avg": {"precision": 0.9988625666389276, "recall": 0.998479320999693, "f1-score": 0.9986706058753152, "support": 98331}, "weighted avg": {"precision": 0.9989730583007637, "recall": 0.998972856983047, "f1-score": 0.998972764256016, "support": 98331}}, "test": {"Finance&Banking": {"precision": 0.9932221063607924, "recall": 0.9850051706308169, "f1-score": 0.9890965732087227, "support": 1934}, "Legal": {"precision": 0.9904534606205251, "recall": 0.9936153232242618, "f1-score": 0.9920318725099602, "support": 3759}, "IT/Research&Development": {"precision": 0.9913954358398803, "recall": 0.9925093632958801, "f1-score": 0.9919520868425977, "support": 5340}, "Medical/Medicine/Paramedical": {"precision": 0.9973074851911685, "recall": 0.9919657204070702, "f1-score": 0.9946294307196563, "support": 1867}, "Businises&Corporate": {"precision": 0.9917559769167353, "recall": 0.9921649484536083, "f1-score": 0.9919604205318491, "support": 2425}, "Sales/Marketing/PR": {"precision": 0.9986199282362683, "recall": 0.9961453744493393, "f1-score": 0.9973811164713992, "support": 7264}, "Others": {"precision": 0.9961813375110153, "recall": 0.9986258343148803, "f1-score": 0.9974020881329347, "support": 10188}, "accuracy": 0.994843945449553, "macro avg": {"precision": 0.9941336758109122, "recall": 0.9928616763965509, "f1-score": 0.9934933697738744, "support": 32777}, "weighted avg": {"precision": 0.9948472918114764, "recall": 0.994843945449553, "f1-score": 0.9948430544583092, "support": 32777}}}