{"accuracy_train": 0.20454545454545456, "accuracy_test": 0.21052631578947367}