{"accuracy_train": 0.9931862789964507, "accuracy_test": 0.9906641852518534}