{"train": {"Finance&Banking": {"precision": 0.20634920634920634, "recall": 1.0, "f1-score": 0.34210526315789475, "support": 13}, "micro avg": {"precision": 0.20634920634920634, "recall": 1.0, "f1-score": 0.34210526315789475, "support": 13}, "macro avg": {"precision": 0.20634920634920634, "recall": 1.0, "f1-score": 0.34210526315789475, "support": 13}, "weighted avg": {"precision": 0.20634920634920634, "recall": 1.0, "f1-score": 0.34210526315789475, "support": 13}}, "test": {"Finance&Banking": {"precision": 0.14285714285714285, "recall": 1.0, "f1-score": 0.25, "support": 3}, "micro avg": {"precision": 0.14285714285714285, "recall": 1.0, "f1-score": 0.25, "support": 3}, "macro avg": {"precision": 0.14285714285714285, "recall": 1.0, "f1-score": 0.25, "support": 3}, "weighted avg": {"precision": 0.14285714285714285, "recall": 1.0, "f1-score": 0.25, "support": 3}}}