{"accuracy_train": 0.998972856983047, "accuracy_test": 0.9950270006406932}