{"train": {"Finance&Banking": {"precision": 0.9984393965666725, "recall": 0.9970562770562771, "f1-score": 0.9977473574770405, "support": 5775}, "Legal": {"precision": 0.9969314395931965, "recall": 0.9989457963629974, "f1-score": 0.9979376014743955, "support": 11383}, "IT/Research&Development": {"precision": 0.9982801452321803, "recall": 0.9987254652052001, "f1-score": 0.9985027555668823, "support": 15692}, "Medical/Medicine/Paramedical": {"precision": 0.9994683678894205, "recall": 0.9982300884955753, "f1-score": 0.9988488444168954, "support": 5650}, "Businises&Corporate": {"precision": 0.9986524727125724, "recall": 0.9993257820927723, "f1-score": 0.9989890139516074, "support": 7416}, "Sales/Marketing/PR": {"precision": 0.9997680460196697, "recall": 0.9994434911654223, "f1-score": 0.9996057422481969, "support": 21563}, "HR": {"precision": 0.9994763222862273, "recall": 0.9990278920212369, "f1-score": 0.9992520568436799, "support": 13373}, "Manufacturing": {"precision": 0.9999173895084675, "recall": 0.9991745088327555, "f1-score": 0.999545811140014, "support": 12114}, "Others": {"precision": 0.9995148927913069, "recall": 0.9995795465571331, "f1-score": 0.9995472186287192, "support": 30919}, "accuracy": 0.9990959357468621, "macro avg": {"precision": 0.9989387191777459, "recall": 0.9988343164210411, "f1-score": 0.9988862668608256, "support": 123885}, "weighted avg": {"precision": 0.999096489552672, "recall": 0.9990959357468621, "f1-score": 0.9990960425474347, "support": 123885}}, "test": {"Finance&Banking": {"precision": 0.9879715691634773, "recall": 0.9783432593394694, "f1-score": 0.9831338411316648, "support": 1847}, "Legal": {"precision": 0.9835135135135135, "recall": 0.9942622950819672, "f1-score": 0.9888586956521739, "support": 3660}, "IT/Research&Development": {"precision": 0.9902384081096302, "recall": 0.9952830188679245, "f1-score": 0.9927543050719865, "support": 5300}, "Medical/Medicine/Paramedical": {"precision": 0.9989094874591058, "recall": 0.9924160346695557, "f1-score": 0.9956521739130435, "support": 1846}, "Businises&Corporate": {"precision": 0.9902951880307319, "recall": 0.9914979757085021, "f1-score": 0.9908962168723449, "support": 2470}, "Sales/Marketing/PR": {"precision": 0.9984865162355531, "recall": 0.9979372937293729, "f1-score": 0.9982118294360386, "support": 7272}, "HR": {"precision": 0.9984144960362401, "recall": 0.9939120631341601, "f1-score": 0.9961581920903955, "support": 4435}, "Manufacturing": {"precision": 0.9990324141267537, "recall": 0.9951807228915662, "f1-score": 0.9971028488652823, "support": 4150}, "Others": {"precision": 0.9974793989335918, "recall": 0.9974793989335918, "f1-score": 0.9974793989335918, "support": 10315}, "accuracy": 0.9949388545828792, "macro avg": {"precision": 0.9938156657342885, "recall": 0.9929235624840123, "f1-score": 0.9933608335518357, "support": 41295}, "weighted avg": {"precision": 0.9949550622008125, "recall": 0.9949388545828792, "f1-score": 0.9949410641633984, "support": 41295}}}