{"accuracy_train": 0.998972856983047, "accuracy_test": 0.994843945449553}