{"accuracy_train": 0.21052631578947367, "accuracy_test": 0.21052631578947367}