{"train": {"Finance&Banking": {"precision": 0.9980932570636158, "recall": 0.9970562770562771, "f1-score": 0.9975744975744977, "support": 5775}, "Legal": {"precision": 0.9968423822471713, "recall": 0.9984186945444962, "f1-score": 0.997629915730337, "support": 11383}, "IT/Research&Development": {"precision": 0.998534471772652, "recall": 0.9986617384654601, "f1-score": 0.9985981010641688, "support": 15692}, "Medical/Medicine/Paramedical": {"precision": 0.998761500353857, "recall": 0.9991150442477876, "f1-score": 0.9989382410192886, "support": 5650}, "Businises&Corporate": {"precision": 0.9985167206040992, "recall": 0.9985167206040992, "f1-score": 0.9985167206040992, "support": 7416}, "Sales/Marketing/PR": {"precision": 0.9995362856480408, "recall": 0.9996289941102815, "f1-score": 0.9995826377295493, "support": 21563}, "HR": {"precision": 0.9996258885147774, "recall": 0.9990278920212369, "f1-score": 0.9993268008078391, "support": 13373}, "Manufacturing": {"precision": 1.0, "recall": 0.9987617632491332, "f1-score": 0.9993804980795441, "support": 12114}, "Others": {"precision": 0.9994179278230501, "recall": 0.9995795465571331, "f1-score": 0.9994987306566627, "support": 30919}, "accuracy": 0.9990232877265206, "macro avg": {"precision": 0.9988142704474736, "recall": 0.9987518523173227, "f1-score": 0.9987829048073318, "support": 123885}, "weighted avg": {"precision": 0.9990237046423327, "recall": 0.9990232877265206, "f1-score": 0.9990233753027689, "support": 123885}}, "test": {"Finance&Banking": {"precision": 0.990174672489083, "recall": 0.9821331889550623, "f1-score": 0.9861375373742866, "support": 1847}, "Legal": {"precision": 0.9806034482758621, "recall": 0.994535519125683, "f1-score": 0.9875203472599023, "support": 3660}, "IT/Research&Development": {"precision": 0.9896441348145358, "recall": 0.9916981132075472, "f1-score": 0.9906700593723494, "support": 5300}, "Medical/Medicine/Paramedical": {"precision": 0.995114006514658, "recall": 0.9929577464788732, "f1-score": 0.9940347071583514, "support": 1846}, "Businises&Corporate": {"precision": 0.9902834008097166, "recall": 0.9902834008097166, "f1-score": 0.9902834008097166, "support": 2470}, "Sales/Marketing/PR": {"precision": 0.9990362109321217, "recall": 0.9977997799779978, "f1-score": 0.9984176126590987, "support": 7272}, "HR": {"precision": 0.9966109353818347, "recall": 0.9945885005636979, "f1-score": 0.9955986908926757, "support": 4435}, "Manufacturing": {"precision": 0.9995152690256908, "recall": 0.9937349397590362, "f1-score": 0.9966167230546157, "support": 4150}, "Others": {"precision": 0.997478910113449, "recall": 0.9972855065438682, "f1-score": 0.9973821989528796, "support": 10315}, "accuracy": 0.9944787504540501, "macro avg": {"precision": 0.9931623320396612, "recall": 0.992779632824609, "f1-score": 0.9929623641704306, "support": 41295}, "weighted avg": {"precision": 0.9945005390462225, "recall": 0.9944787504540501, "f1-score": 0.99448334526773, "support": 41295}}}