{"train": {"Finance&Banking": {"precision": 0.9935753772598237, "recall": 0.9945412398115606, "f1-score": 0.9940580739190553, "support": 13373}, "Legal": {"precision": 0.9654863290004483, "recall": 0.9817684594348223, "f1-score": 0.9735593220338984, "support": 4388}, "IT/Research&Development": {"precision": 0.9940898345153665, "recall": 0.9905771495877503, "f1-score": 0.992330383480826, "support": 1698}, "Medical/Medicine/Paramedical": {"precision": 0.9964087984438127, "recall": 0.9946228528752801, "f1-score": 0.9955150246673643, "support": 6695}, "Businises&Corporate": {"precision": 0.9762286324786325, "recall": 0.9744068248467076, "f1-score": 0.9753168779186124, "support": 3751}, "Sales/Marketing/PR": {"precision": 0.9995407050177977, "recall": 0.9991391678622669, "f1-score": 0.999339896105387, "support": 17425}, "HR": {"precision": 0.9996659986639946, "recall": 0.9993322203672788, "f1-score": 0.999499081649691, "support": 2995}, "Manufacturing": {"precision": 0.8981233243967829, "recall": 0.8862433862433863, "f1-score": 0.8921438082556591, "support": 378}, "Others": {"precision": 0.9896485971125034, "recall": 0.9766129032258064, "f1-score": 0.9830875388986606, "support": 3720}, "accuracy": 0.9917681862447862, "macro avg": {"precision": 0.9791963996543515, "recall": 0.9774715782505399, "f1-score": 0.9783166674365726, "support": 54423}, "weighted avg": {"precision": 0.9917934039942606, "recall": 0.9917681862447862, "f1-score": 0.9917717520418993, "support": 54423}}, "test": {"Finance&Banking": {"precision": 0.986307519640853, "recall": 0.9918735891647855, "f1-score": 0.9890827236916151, "support": 4430}, "Legal": {"precision": 0.9301221166892809, "recall": 0.9668547249647391, "f1-score": 0.9481327800829876, "support": 1418}, "IT/Research&Development": {"precision": 0.9759036144578314, "recall": 0.9708904109589042, "f1-score": 0.9733905579399141, "support": 584}, "Medical/Medicine/Paramedical": {"precision": 0.9905008635578584, "recall": 0.988367083153813, "f1-score": 0.9894328229458702, "support": 2321}, "Businises&Corporate": {"precision": 0.950439648281375, "recall": 0.92890625, "f1-score": 0.9395495851442118, "support": 1280}, "Sales/Marketing/PR": {"precision": 0.9982632858631469, "recall": 0.9977434473181739, "f1-score": 0.9980032988974736, "support": 5761}, "HR": {"precision": 0.997948717948718, "recall": 0.9938712972420838, "f1-score": 0.9959058341862846, "support": 979}, "Manufacturing": {"precision": 0.8, "recall": 0.6756756756756757, "f1-score": 0.7326007326007327, "support": 148}, "Others": {"precision": 0.9651741293532339, "recall": 0.9540983606557377, "f1-score": 0.9596042868920034, "support": 1220}, "accuracy": 0.9812028002866435, "macro avg": {"precision": 0.9549622106435885, "recall": 0.9409200932371014, "f1-score": 0.9473002913756771, "support": 18141}, "weighted avg": {"precision": 0.9810703633193338, "recall": 0.9812028002866435, "f1-score": 0.9810526894901203, "support": 18141}}}