{"accuracy_train": 0.9979253112033195, "accuracy_test": 0.8695652173913043}