{"train": {"Finance&Banking": {"precision": 0.9985794392523365, "recall": 0.9987287818739251, "f1-score": 0.9986541049798116, "support": 13373}, "Legal": {"precision": 0.9938524590163934, "recall": 0.9947584320875114, "f1-score": 0.9943052391799544, "support": 4388}, "IT/Research&Development": {"precision": 0.9994093325457767, "recall": 0.9964664310954063, "f1-score": 0.9979357121792981, "support": 1698}, "Medical/Medicine/Paramedical": {"precision": 0.9988045427375971, "recall": 0.9983569828230022, "f1-score": 0.9985807126316576, "support": 6695}, "Businises&Corporate": {"precision": 0.9909694555112882, "recall": 0.9946680885097308, "f1-score": 0.9928153273017564, "support": 3751}, "Sales/Marketing/PR": {"precision": 0.9998278533310381, "recall": 0.9999426111908178, "f1-score": 0.9998852289682085, "support": 17425}, "HR": {"precision": 1.0, "recall": 0.9989983305509182, "f1-score": 0.9994989143143478, "support": 2995}, "Manufacturing": {"precision": 0.989159891598916, "recall": 0.9656084656084656, "f1-score": 0.9772423025435074, "support": 378}, "Others": {"precision": 0.9954276492738031, "recall": 0.9948924731182796, "f1-score": 0.9951599892444205, "support": 3720}, "accuracy": 0.9979236719769216, "macro avg": {"precision": 0.9962256248074611, "recall": 0.993602288539784, "f1-score": 0.9948975034825513, "support": 54423}, "weighted avg": {"precision": 0.997924424559754, "recall": 0.9979236719769216, "f1-score": 0.9979227137785154, "support": 54423}}, "test": {"Finance&Banking": {"precision": 0.9934581547484773, "recall": 0.9941309255079007, "f1-score": 0.9937944262665012, "support": 4430}, "Legal": {"precision": 0.9673384294649062, "recall": 0.9816643159379408, "f1-score": 0.9744487224361218, "support": 1418}, "IT/Research&Development": {"precision": 0.9965457685664939, "recall": 0.988013698630137, "f1-score": 0.9922613929492692, "support": 584}, "Medical/Medicine/Paramedical": {"precision": 0.9939629150495903, "recall": 0.993106419646704, "f1-score": 0.9935344827586208, "support": 2321}, "Businises&Corporate": {"precision": 0.9641185647425897, "recall": 0.965625, "f1-score": 0.9648711943793911, "support": 1280}, "Sales/Marketing/PR": {"precision": 0.9993057965984034, "recall": 0.9994792570734248, "f1-score": 0.9993925193092077, "support": 5761}, "HR": {"precision": 0.9989764585465711, "recall": 0.9969356486210419, "f1-score": 0.9979550102249488, "support": 979}, "Manufacturing": {"precision": 0.9692307692307692, "recall": 0.8513513513513513, "f1-score": 0.9064748201438849, "support": 148}, "Others": {"precision": 0.9754098360655737, "recall": 0.9754098360655737, "f1-score": 0.9754098360655737, "support": 1220}, "accuracy": 0.9902430957499586, "macro avg": {"precision": 0.9842607436681526, "recall": 0.9717462725371193, "f1-score": 0.977571378281502, "support": 18141}, "weighted avg": {"precision": 0.9902537201382, "recall": 0.9902430957499586, "f1-score": 0.9902124163870591, "support": 18141}}}