{"accuracy_train": 0.17647058823529413, "accuracy_test": 0.3333333333333333}