{"accuracy_train": 0.2037037037037037, "accuracy_test": 0.16666666666666666}