{"accuracy_train": 0.9979431123648331, "accuracy_test": 0.9895392571697226}