{"accuracy_train": 0.24074074074074073, "accuracy_test": 0.3888888888888889}