{"train": {"Finance&Banking": {"precision": 0.17647058823529413, "recall": 1.0, "f1-score": 0.3, "support": 9}, "micro avg": {"precision": 0.17647058823529413, "recall": 1.0, "f1-score": 0.3, "support": 9}, "macro avg": {"precision": 0.17647058823529413, "recall": 1.0, "f1-score": 0.3, "support": 9}, "weighted avg": {"precision": 0.17647058823529413, "recall": 1.0, "f1-score": 0.3, "support": 9}}, "test": {"Finance&Banking": {"precision": 0.3333333333333333, "recall": 1.0, "f1-score": 0.5, "support": 6}, "micro avg": {"precision": 0.3333333333333333, "recall": 1.0, "f1-score": 0.5, "support": 6}, "macro avg": {"precision": 0.3333333333333333, "recall": 1.0, "f1-score": 0.5, "support": 6}, "weighted avg": {"precision": 0.3333333333333333, "recall": 1.0, "f1-score": 0.5, "support": 6}}}