{"train": {"Finance&Banking": {"precision": 0.18333333333333332, "recall": 1.0, "f1-score": 0.30985915492957744, "support": 11}, "micro avg": {"precision": 0.18333333333333332, "recall": 1.0, "f1-score": 0.30985915492957744, "support": 11}, "macro avg": {"precision": 0.18333333333333332, "recall": 1.0, "f1-score": 0.30985915492957744, "support": 11}, "weighted avg": {"precision": 0.18333333333333332, "recall": 1.0, "f1-score": 0.30985915492957744, "support": 11}}, "test": {"Finance&Banking": {"precision": 0.1, "recall": 1.0, "f1-score": 0.18181818181818182, "support": 2}, "micro avg": {"precision": 0.1, "recall": 1.0, "f1-score": 0.18181818181818182, "support": 2}, "macro avg": {"precision": 0.1, "recall": 1.0, "f1-score": 0.18181818181818182, "support": 2}, "weighted avg": {"precision": 0.1, "recall": 1.0, "f1-score": 0.18181818181818182, "support": 2}}}