{"accuracy_train": 0.23255813953488372, "accuracy_test": 0.16666666666666666}