{"accuracy_train": 0.9945149663062216, "accuracy_test": 0.9871885284438175}