{"train": {"Finance&Banking": {"precision": 0.9982093561143027, "recall": 0.9990292712066906, "f1-score": 0.9986191453629408, "support": 13392}, "Legal": {"precision": 0.9915582934063427, "recall": 0.9956471935853379, "f1-score": 0.9935985368084134, "support": 4365}, "IT/Research&Development": {"precision": 0.9994158878504673, "recall": 0.997086247086247, "f1-score": 0.9982497082847143, "support": 1716}, "Medical/Medicine/Paramedical": {"precision": 0.9988135844579564, "recall": 0.9976299807435935, "f1-score": 0.9982214317474433, "support": 6751}, "Businises&Corporate": {"precision": 0.9955121436114044, "recall": 0.9928909952606635, "f1-score": 0.9941998418138676, "support": 3798}, "Sales/Marketing/PR": {"precision": 0.9998844064270026, "recall": 0.9997688395746648, "f1-score": 0.9998266196613304, "support": 17304}, "Others": {"precision": 0.9956954533225719, "recall": 0.9943578721117678, "f1-score": 0.9950262132006991, "support": 3722}, "accuracy": 0.9979431123648331, "macro avg": {"precision": 0.997012732170007, "recall": 0.9966300570812806, "f1-score": 0.9968202138399155, "support": 51048}, "weighted avg": {"precision": 0.9979449378534725, "recall": 0.9979431123648331, "f1-score": 0.9979433667210179, "support": 51048}}, "test": {"Finance&Banking": {"precision": 0.9909502262443439, "recall": 0.9929721151666289, "f1-score": 0.9919601404144491, "support": 4411}, "Legal": {"precision": 0.9540850776502363, "recall": 0.9805690492713394, "f1-score": 0.9671457905544149, "support": 1441}, "IT/Research&Development": {"precision": 0.994661921708185, "recall": 0.9876325088339223, "f1-score": 0.9911347517730497, "support": 566}, "Medical/Medicine/Paramedical": {"precision": 0.9959946595460614, "recall": 0.9880794701986755, "f1-score": 0.9920212765957446, "support": 2265}, "Businises&Corporate": {"precision": 0.9753694581280788, "recall": 0.9635036496350365, "f1-score": 0.9694002447980417, "support": 1233}, "Sales/Marketing/PR": {"precision": 0.9996598639455783, "recall": 0.9993199591975519, "f1-score": 0.9994898826730149, "support": 5882}, "Others": {"precision": 0.9784768211920529, "recall": 0.9704433497536946, "f1-score": 0.9744435284418796, "support": 1218}, "accuracy": 0.9895392571697226, "macro avg": {"precision": 0.9841711469163624, "recall": 0.9832171574366927, "f1-score": 0.9836565164643707, "support": 17016}, "weighted avg": {"precision": 0.989612084287035, "recall": 0.9895392571697226, "f1-score": 0.9895537102674437, "support": 17016}}}