{"train": {"Finance&Banking": {"precision": 0.22807017543859648, "recall": 1.0, "f1-score": 0.3714285714285714, "support": 13}, "micro avg": {"precision": 0.22807017543859648, "recall": 1.0, "f1-score": 0.3714285714285714, "support": 13}, "macro avg": {"precision": 0.22807017543859648, "recall": 1.0, "f1-score": 0.3714285714285714, "support": 13}, "weighted avg": {"precision": 0.22807017543859648, "recall": 1.0, "f1-score": 0.3714285714285714, "support": 13}}, "test": {"Finance&Banking": {"precision": 0.15789473684210525, "recall": 1.0, "f1-score": 0.2727272727272727, "support": 3}, "micro avg": {"precision": 0.15789473684210525, "recall": 1.0, "f1-score": 0.2727272727272727, "support": 3}, "macro avg": {"precision": 0.15789473684210525, "recall": 1.0, "f1-score": 0.2727272727272727, "support": 3}, "weighted avg": {"precision": 0.15789473684210525, "recall": 1.0, "f1-score": 0.2727272727272727, "support": 3}}}