{"train": {"Finance&Banking": {"precision": 0.9945582586427657, "recall": 0.9950360288230584, "f1-score": 0.9947970863683663, "support": 12490}, "Legal": {"precision": 0.9981578139392079, "recall": 0.9969334559950935, "f1-score": 0.9975452592819883, "support": 6522}, "IT/Research&Development": {"precision": 0.9977992957746479, "recall": 0.9813852813852814, "f1-score": 0.9895242252291576, "support": 2310}, "Medical/Medicine/Paramedical": {"precision": 0.9939641744548287, "recall": 0.9935772674192292, "f1-score": 0.9937706832781779, "support": 5138}, "Businises&Corporate": {"precision": 0.9925345734916167, "recall": 0.9964369087111439, "f1-score": 0.9944819129368485, "support": 16278}, "Sales/Marketing/PR": {"precision": 0.9967954424069788, "recall": 0.9975057901300552, "f1-score": 0.9971504897595725, "support": 11226}, "HR": {"precision": 0.9983541352352215, "recall": 0.9972598986162488, "f1-score": 0.9978067169294036, "support": 7299}, "Manufacturing": {"precision": 0.9954351347371521, "recall": 0.9947027663331371, "f1-score": 0.9950688157797895, "support": 6796}, "Others": {"precision": 0.9982082420864026, "recall": 0.9965219119546855, "f1-score": 0.9973643642150282, "support": 10063}, "accuracy": 0.9957118353344768, "macro avg": {"precision": 0.9962007856409802, "recall": 0.994373256596437, "f1-score": 0.9952788393087038, "support": 78122}, "weighted avg": {"precision": 0.9957164331068884, "recall": 0.9957118353344768, "f1-score": 0.995711131225143, "support": 78122}}, "test": {"Finance&Banking": {"precision": 0.9751867019995182, "recall": 0.9744824265767934, "f1-score": 0.9748344370860927, "support": 4154}, "Legal": {"precision": 0.990145471609573, "recall": 0.9818520241973011, "f1-score": 0.9859813084112149, "support": 2149}, "IT/Research&Development": {"precision": 0.9750346740638003, "recall": 0.9153645833333334, "f1-score": 0.944257891202149, "support": 768}, "Medical/Medicine/Paramedical": {"precision": 0.961038961038961, "recall": 0.969248291571754, "f1-score": 0.965126169549192, "support": 1756}, "Businises&Corporate": {"precision": 0.9616327960756833, "recall": 0.9852809190450548, "f1-score": 0.9733132369890948, "support": 5571}, "Sales/Marketing/PR": {"precision": 0.9886183165696135, "recall": 0.9805723286951956, "f1-score": 0.9845788849347569, "support": 3809}, "HR": {"precision": 0.9901071723000825, "recall": 0.9840229414174518, "f1-score": 0.9870556811177318, "support": 2441}, "Manufacturing": {"precision": 0.9784276126558006, "recall": 0.9728312678741659, "f1-score": 0.9756214149139579, "support": 2098}, "Others": {"precision": 0.9874579382074029, "recall": 0.9796661608497724, "f1-score": 0.9835466179159049, "support": 3295}, "accuracy": 0.977612226873008, "macro avg": {"precision": 0.9786277382800483, "recall": 0.9714801048400914, "f1-score": 0.9749239602355662, "support": 26041}, "weighted avg": {"precision": 0.9777400769533212, "recall": 0.977612226873008, "f1-score": 0.97760913427735, "support": 26041}}}