{"accuracy_train": 0.9958237035234967, "accuracy_test": 0.9836191866358512}