{"train": {"Finance&Banking": {"precision": 0.9957347497183325, "recall": 0.9954143201930813, "f1-score": 0.9955745091728355, "support": 12430}, "Legal": {"precision": 0.9973182780522231, "recall": 0.9894972692900154, "f1-score": 0.9933923801490229, "support": 7141}, "IT/Research&Development": {"precision": 0.9982638888888888, "recall": 0.9888220120378332, "f1-score": 0.9935205183585313, "support": 2326}, "Medical/Medicine/Paramedical": {"precision": 0.9953134153485648, "recall": 0.9955078125, "f1-score": 0.9954106044331608, "support": 5120}, "Businises&Corporate": {"precision": 0.9925712180746562, "recall": 0.9958728594308242, "f1-score": 0.9942192977061681, "support": 16234}, "Sales/Marketing/PR": {"precision": 0.9986639351563196, "recall": 0.9970653623832815, "f1-score": 0.9978640085439658, "support": 11245}, "Others": {"precision": 0.9962636912682977, "recall": 0.998563586928641, "f1-score": 0.9974123132894366, "support": 19493}, "accuracy": 0.9958237035234967, "macro avg": {"precision": 0.9963041680724689, "recall": 0.9943918889662394, "f1-score": 0.9953419473790174, "support": 73989}, "weighted avg": {"precision": 0.9958283595353324, "recall": 0.9958237035234967, "f1-score": 0.9958227876312974, "support": 73989}}, "test": {"Finance&Banking": {"precision": 0.985546300832925, "recall": 0.9752727272727273, "f1-score": 0.980382600219325, "support": 4125}, "Legal": {"precision": 0.9892148403796376, "recall": 0.9794959419051688, "f1-score": 0.9843314015883237, "support": 2341}, "IT/Research&Development": {"precision": 0.9738651994497937, "recall": 0.944, "f1-score": 0.9587000677048071, "support": 750}, "Medical/Medicine/Paramedical": {"precision": 0.9792746113989638, "recall": 0.9792746113989638, "f1-score": 0.9792746113989638, "support": 1737}, "Businises&Corporate": {"precision": 0.9682344682344682, "recall": 0.987294201861131, "f1-score": 0.9776714513556619, "support": 5588}, "Sales/Marketing/PR": {"precision": 0.9896221394358702, "recall": 0.9867338816662244, "f1-score": 0.9881759000929985, "support": 3769}, "Others": {"precision": 0.9929055651899732, "recall": 0.9913426727530301, "f1-score": 0.9921235034656586, "support": 6353}, "accuracy": 0.9836191866358512, "macro avg": {"precision": 0.9826661607030902, "recall": 0.9776305766938922, "f1-score": 0.9800942194036769, "support": 24663}, "weighted avg": {"precision": 0.9836937290488503, "recall": 0.9836191866358512, "f1-score": 0.9836210819018313, "support": 24663}}}