{"train": {"Finance&Banking": {"precision": 0.21212121212121213, "recall": 1.0, "f1-score": 0.35, "support": 14}, "micro avg": {"precision": 0.21212121212121213, "recall": 1.0, "f1-score": 0.35, "support": 14}, "macro avg": {"precision": 0.21212121212121213, "recall": 1.0, "f1-score": 0.35, "support": 14}, "weighted avg": {"precision": 0.21212121212121213, "recall": 1.0, "f1-score": 0.35, "support": 14}}, "test": {"Finance&Banking": {"precision": 0.08695652173913043, "recall": 1.0, "f1-score": 0.16, "support": 2}, "micro avg": {"precision": 0.08695652173913043, "recall": 1.0, "f1-score": 0.16, "support": 2}, "macro avg": {"precision": 0.08695652173913043, "recall": 1.0, "f1-score": 0.16, "support": 2}, "weighted avg": {"precision": 0.08695652173913043, "recall": 1.0, "f1-score": 0.16, "support": 2}}}