{"train": {"Finance&Banking": {"precision": 0.9965989148918941, "recall": 0.9952288533074559, "f1-score": 0.9959134129071414, "support": 12366}, "Legal": {"precision": 0.9967664839027134, "recall": 0.9891183035714286, "f1-score": 0.9929276661298229, "support": 7168}, "IT/Research&Development": {"precision": 0.9926183239253148, "recall": 0.9836488812392427, "f1-score": 0.9881132483250487, "support": 2324}, "Medical/Medicine/Paramedical": {"precision": 0.9933372525965118, "recall": 0.9945065724936237, "f1-score": 0.9939215686274511, "support": 5097}, "Businises&Corporate": {"precision": 0.9916002452483139, "recall": 0.9957517547100111, "f1-score": 0.9936716637994594, "support": 16242}, "Sales/Marketing/PR": {"precision": 0.9972444444444445, "recall": 0.9962703134712725, "f1-score": 0.9967571409533117, "support": 11261}, "HR": {"precision": 0.9987768415330253, "recall": 0.9967448799674488, "f1-score": 0.9977598262168216, "support": 7373}, "Manufacturing": {"precision": 0.9943019943019943, "recall": 0.993110678448405, "f1-score": 0.9937059793196463, "support": 6677}, "Others": {"precision": 0.995479529460112, "recall": 0.9981971772947358, "f1-score": 0.9968365011187984, "support": 19414}, "accuracy": 0.9952344123200109, "macro avg": {"precision": 0.9951915589227026, "recall": 0.993619712722625, "f1-score": 0.9944007785997224, "support": 87922}, "weighted avg": {"precision": 0.9952385731123348, "recall": 0.9952344123200109, "f1-score": 0.995233313417235, "support": 87922}}, "test": {"Finance&Banking": {"precision": 0.9793517406962785, "recall": 0.9737407495822392, "f1-score": 0.976538185300455, "support": 4189}, "Legal": {"precision": 0.9890924956369983, "recall": 0.9796888504753674, "f1-score": 0.9843682153712549, "support": 2314}, "IT/Research&Development": {"precision": 0.9658469945355191, "recall": 0.9401595744680851, "f1-score": 0.9528301886792452, "support": 752}, "Medical/Medicine/Paramedical": {"precision": 0.9685714285714285, "recall": 0.9630681818181818, "f1-score": 0.9658119658119658, "support": 1760}, "Businises&Corporate": {"precision": 0.9633544749823819, "recall": 0.9799283154121864, "f1-score": 0.9715707178393744, "support": 5580}, "Sales/Marketing/PR": {"precision": 0.9874532835024026, "recall": 0.9856115107913669, "f1-score": 0.9865315375383384, "support": 3753}, "HR": {"precision": 0.9926850258175559, "recall": 0.9837953091684435, "f1-score": 0.9882201756264725, "support": 2345}, "Manufacturing": {"precision": 0.9697525206232814, "recall": 0.9693082913421897, "f1-score": 0.9695303550973654, "support": 2183}, "Others": {"precision": 0.9888216115510013, "recall": 0.9902052238805971, "f1-score": 0.9895129340480076, "support": 6432}, "accuracy": 0.9794936536099359, "macro avg": {"precision": 0.9783255084352054, "recall": 0.9739451118820729, "f1-score": 0.976101586145831, "support": 29308}, "weighted avg": {"precision": 0.9795487245053293, "recall": 0.9794936536099359, "f1-score": 0.9794980757831325, "support": 29308}}}