{"train": {"Finance&Banking": {"precision": 0.9991091314031181, "recall": 0.9989978844226701, "f1-score": 0.9990535048159902, "support": 17962}, "Legal": {"precision": 0.9989301801801802, "recall": 0.9992114897212053, "f1-score": 0.9990708151485289, "support": 17755}, "IT/Research&Development": {"precision": 0.9992094861660079, "recall": 0.9988146977479258, "f1-score": 0.9990120529539618, "support": 10124}, "Medical/Medicine/Paramedical": {"precision": 0.9991468547378001, "recall": 0.9986924388857306, "f1-score": 0.9989195951324917, "support": 17590}, "Businises&Corporate": {"precision": 0.9970762092417212, "recall": 0.9970128384390492, "f1-score": 0.9970445228334446, "support": 15734}, "Sales/Marketing/PR": {"precision": 0.9983710512537087, "recall": 0.9987777907112094, "f1-score": 0.9985743795641675, "support": 17182}, "HR": {"precision": 0.9985974754558204, "recall": 0.9986850179714211, "f1-score": 0.998641244795091, "support": 11407}, "Manufacturing": {"precision": 0.9997139997139998, "recall": 0.9990710968202929, "f1-score": 0.9993924448733068, "support": 13995}, "Others": {"precision": 0.9980137311628309, "recall": 0.9984879903231381, "f1-score": 0.9982508044140194, "support": 23148}, "accuracy": 0.9986335120809955, "macro avg": {"precision": 0.9986853465905763, "recall": 0.9986390272269602, "f1-score": 0.9986621516145556, "support": 144897}, "weighted avg": {"precision": 0.9986336689957288, "recall": 0.9986335120809955, "f1-score": 0.9986335545721553, "support": 144897}}, "test": {"Finance&Banking": {"precision": 0.995237285252594, "recall": 0.9940536867142372, "f1-score": 0.9946451338716533, "support": 5886}, "Legal": {"precision": 0.9950657894736842, "recall": 0.9970336189848384, "f1-score": 0.9960487323016134, "support": 6068}, "IT/Research&Development": {"precision": 0.996956786366403, "recall": 0.9918256130790191, "f1-score": 0.994384580361208, "support": 3303}, "Medical/Medicine/Paramedical": {"precision": 0.9956331877729258, "recall": 0.9949647532729103, "f1-score": 0.9952988582941571, "support": 5958}, "Businises&Corporate": {"precision": 0.9841269841269841, "recall": 0.9850921930168693, "f1-score": 0.9846093520243113, "support": 5098}, "Sales/Marketing/PR": {"precision": 0.9944937833037301, "recall": 0.991499911457411, "f1-score": 0.9929945907599538, "support": 5647}, "HR": {"precision": 0.9950430472214975, "recall": 0.9940057336460777, "f1-score": 0.9945241199478487, "support": 3837}, "Manufacturing": {"precision": 0.9974565493853328, "recall": 0.9955574360059234, "f1-score": 0.9965060878771838, "support": 4727}, "Others": {"precision": 0.9872057318321392, "recall": 0.992411575562701, "f1-score": 0.9898018087358091, "support": 7775}, "accuracy": 0.9930226298681132, "macro avg": {"precision": 0.9934687938594767, "recall": 0.9929382801933317, "f1-score": 0.993201473797082, "support": 48299}, "weighted avg": {"precision": 0.9930314142149149, "recall": 0.9930226298681132, "f1-score": 0.9930248897787131, "support": 48299}}}