{"train": {"Finance&Banking": {"precision": 0.9992760886512975, "recall": 0.9990535575102996, "f1-score": 0.9991648106904231, "support": 17962}, "Legal": {"precision": 0.9990427388929557, "recall": 0.9992678118839764, "f1-score": 0.9991552627132962, "support": 17755}, "IT/Research&Development": {"precision": 0.9995059288537549, "recall": 0.9991110233109443, "f1-score": 0.9993084370677731, "support": 10124}, "Medical/Medicine/Paramedical": {"precision": 0.9993175226070636, "recall": 0.9989198408186469, "f1-score": 0.999118642140278, "support": 17590}, "Businises&Corporate": {"precision": 0.9975205035285142, "recall": 0.9972035083259184, "f1-score": 0.997361980739281, "support": 15734}, "Sales/Marketing/PR": {"precision": 0.9987780040733197, "recall": 0.9989523920381795, "f1-score": 0.9988651904443215, "support": 17182}, "HR": {"precision": 0.9985973525028491, "recall": 0.9985973525028491, "f1-score": 0.9985973525028491, "support": 11407}, "Manufacturing": {"precision": 0.9998569794050344, "recall": 0.9990710968202929, "f1-score": 0.999463883627006, "support": 13995}, "Others": {"precision": 0.9978422233730364, "recall": 0.998876792811474, "f1-score": 0.9983592400690847, "support": 23148}, "accuracy": 0.9987922455261323, "macro avg": {"precision": 0.9988597046542027, "recall": 0.9987837084469534, "f1-score": 0.9988216444438126, "support": 144897}, "weighted avg": {"precision": 0.9987924916436547, "recall": 0.9987922455261323, "f1-score": 0.998792296589045, "support": 144897}}, "test": {"Finance&Banking": {"precision": 0.9943953804347826, "recall": 0.9947332653754672, "f1-score": 0.9945642942075761, "support": 5886}, "Legal": {"precision": 0.9952247653548494, "recall": 0.996044825313118, "f1-score": 0.9956346264722841, "support": 6068}, "IT/Research&Development": {"precision": 0.9978684531059683, "recall": 0.9921283681501665, "f1-score": 0.9949901320783361, "support": 3303}, "Medical/Medicine/Paramedical": {"precision": 0.9954614220877458, "recall": 0.9939577039274925, "f1-score": 0.9947089947089947, "support": 5958}, "Businises&Corporate": {"precision": 0.9847148736037625, "recall": 0.985680659081993, "f1-score": 0.9851975296539556, "support": 5098}, "Sales/Marketing/PR": {"precision": 0.9932576295244855, "recall": 0.9913228262794405, "f1-score": 0.9922892847646902, "support": 5647}, "HR": {"precision": 0.9947753396029259, "recall": 0.9924420119885327, "f1-score": 0.9936073059360732, "support": 3837}, "Manufacturing": {"precision": 0.9980928162746344, "recall": 0.9964036386714619, "f1-score": 0.9972475121744654, "support": 4727}, "Others": {"precision": 0.9874664279319606, "recall": 0.9930546623794212, "f1-score": 0.9902526612799795, "support": 7775}, "accuracy": 0.9929812211432949, "macro avg": {"precision": 0.993473011991235, "recall": 0.9928631067963436, "f1-score": 0.9931658156973727, "support": 48299}, "weighted avg": {"precision": 0.9929904386454073, "recall": 0.9929812211432949, "f1-score": 0.992983585736555, "support": 48299}}}