{"accuracy_train": 0.9892976939203354, "accuracy_test": 0.9843396226415094}