{"train": {"Finance&Banking": {"precision": 0.18309859154929578, "recall": 1.0, "f1-score": 0.30952380952380953, "support": 13}, "micro avg": {"precision": 0.18309859154929578, "recall": 1.0, "f1-score": 0.30952380952380953, "support": 13}, "macro avg": {"precision": 0.18309859154929578, "recall": 1.0, "f1-score": 0.30952380952380953, "support": 13}, "weighted avg": {"precision": 0.18309859154929578, "recall": 1.0, "f1-score": 0.30952380952380953, "support": 13}}, "test": {"Finance&Banking": {"precision": 0.20833333333333334, "recall": 1.0, "f1-score": 0.3448275862068966, "support": 5}, "micro avg": {"precision": 0.20833333333333334, "recall": 1.0, "f1-score": 0.3448275862068966, "support": 5}, "macro avg": {"precision": 0.20833333333333334, "recall": 1.0, "f1-score": 0.3448275862068966, "support": 5}, "weighted avg": {"precision": 0.20833333333333334, "recall": 1.0, "f1-score": 0.3448275862068966, "support": 5}}}