{"train": {"Finance&Banking": {"precision": 0.9967313978081138, "recall": 0.9975625400898012, "f1-score": 0.997146795755458, "support": 15590}, "Legal": {"precision": 0.9964459187300083, "recall": 0.9983382789317508, "f1-score": 0.9973912012332504, "support": 16850}, "IT/Research&Development": {"precision": 0.9993464052287582, "recall": 0.9896440129449838, "f1-score": 0.9944715447154471, "support": 3090}, "Medical/Medicine/Paramedical": {"precision": 0.9963369963369964, "recall": 0.9979497140390633, "f1-score": 0.9971427031106799, "support": 9267}, "Businises&Corporate": {"precision": 0.9993966210780371, "recall": 0.9959911805973141, "f1-score": 0.9976909948800322, "support": 4989}, "Sales/Marketing/PR": {"precision": 0.9999201894171167, "recall": 0.9997606064636255, "f1-score": 0.999840391572675, "support": 37595}, "Others": {"precision": 0.9982526210683974, "recall": 0.9973812196034418, "f1-score": 0.9978167300854595, "support": 8019}, "accuracy": 0.9982494758909853, "macro avg": {"precision": 0.9980614499524897, "recall": 0.9966610789528544, "f1-score": 0.9973571944790002, "support": 95400}, "weighted avg": {"precision": 0.9982512430994052, "recall": 0.9982494758909853, "f1-score": 0.9982491723552597, "support": 95400}}, "test": {"Finance&Banking": {"precision": 0.988821523304282, "recall": 0.991828202204485, "f1-score": 0.9903225806451613, "support": 5262}, "Legal": {"precision": 0.9828512038801317, "recall": 0.9928258967629047, "f1-score": 0.9878133704735377, "support": 5715}, "IT/Research&Development": {"precision": 0.9825918762088974, "recall": 0.959395656279509, "f1-score": 0.9708552317247969, "support": 1059}, "Medical/Medicine/Paramedical": {"precision": 0.9824902723735408, "recall": 0.9879360939028367, "f1-score": 0.9852056576166477, "support": 3067}, "Businises&Corporate": {"precision": 0.9939024390243902, "recall": 0.9713945172824792, "f1-score": 0.9825195901145268, "support": 1678}, "Sales/Marketing/PR": {"precision": 0.9995160509759639, "recall": 0.998871513783653, "f1-score": 0.9991936784389613, "support": 12406}, "Others": {"precision": 0.9911299652911685, "recall": 0.9835438193647149, "f1-score": 0.9873223203995388, "support": 2613}, "accuracy": 0.9915408805031447, "macro avg": {"precision": 0.9887576187226249, "recall": 0.9836850999400832, "f1-score": 0.9861760613447386, "support": 31800}, "weighted avg": {"precision": 0.991560470706714, "recall": 0.9915408805031447, "f1-score": 0.9915323944669135, "support": 31800}}}