{"accuracy_train": 0.2916666666666667, "accuracy_test": 0.2857142857142857}