{"train": {"Finance&Banking": {"precision": 0.22807017543859648, "recall": 1.0, "f1-score": 0.3714285714285714, "support": 13}, "micro avg": {"precision": 0.22807017543859648, "recall": 1.0, "f1-score": 0.3714285714285714, "support": 13}, "macro avg": {"precision": 0.22807017543859648, "recall": 1.0, "f1-score": 0.3714285714285714, "support": 13}, "weighted avg": {"precision": 0.22807017543859648, "recall": 1.0, "f1-score": 0.3714285714285714, "support": 13}}, "test": {"Finance&Banking": {"precision": 0.21052631578947367, "recall": 1.0, "f1-score": 0.34782608695652173, "support": 4}, "micro avg": {"precision": 0.21052631578947367, "recall": 1.0, "f1-score": 0.34782608695652173, "support": 4}, "macro avg": {"precision": 0.21052631578947367, "recall": 1.0, "f1-score": 0.34782608695652173, "support": 4}, "weighted avg": {"precision": 0.21052631578947367, "recall": 1.0, "f1-score": 0.34782608695652173, "support": 4}}}