{"accuracy_train": 0.989287211740042, "accuracy_test": 0.9842767295597484}