{"accuracy_train": 0.9982494758909853, "accuracy_test": 0.9915408805031447}