{"accuracy_train": 0.22807017543859648, "accuracy_test": 0.21052631578947367}