{"accuracy_train": 0.9891928721174004, "accuracy_test": 0.9852830188679246}