{"accuracy_train": 0.9885324947589098, "accuracy_test": 0.9847798742138365}