{"train": {"Finance&Banking": {"precision": 0.997281234193222, "recall": 0.9978490542164864, "f1-score": 0.9975650634032192, "support": 15807}, "Legal": {"precision": 0.99622752726201, "recall": 0.998169147176943, "f1-score": 0.9971973920995958, "support": 16932}, "IT/Research&Development": {"precision": 0.9971107544141252, "recall": 0.9942381562099872, "f1-score": 0.9956723833947748, "support": 3124}, "Medical/Medicine/Paramedical": {"precision": 0.9961294484464036, "recall": 0.9979534683326152, "f1-score": 0.9970406241592682, "support": 9284}, "Businises&Corporate": {"precision": 0.9973710819009101, "recall": 0.9945553539019963, "f1-score": 0.9959612277867528, "support": 4959}, "Sales/Marketing/PR": {"precision": 0.9999733048585158, "recall": 0.9998398505271587, "f1-score": 0.9999065732399066, "support": 37465}, "HR": {"precision": 0.9988814317673378, "recall": 0.9975424486148347, "f1-score": 0.9982114911692376, "support": 8952}, "Manufacturing": {"precision": 0.9997526130249242, "recall": 0.9991346807590086, "f1-score": 0.9994435513787561, "support": 16179}, "Others": {"precision": 0.9982447342026078, "recall": 0.9971195992485911, "f1-score": 0.9976818495081762, "support": 7985}, "accuracy": 0.9983925360643648, "macro avg": {"precision": 0.9978857922300064, "recall": 0.9973779732208469, "f1-score": 0.9976311284599652, "support": 120687}, "weighted avg": {"precision": 0.9983935314014678, "recall": 0.9983925360643648, "f1-score": 0.9983926224922258, "support": 120687}}, "test": {"Finance&Banking": {"precision": 0.9877591312931886, "recall": 0.9916749256689792, "f1-score": 0.9897131552917903, "support": 5045}, "Legal": {"precision": 0.981185159134869, "recall": 0.9905911592401917, "f1-score": 0.9858657243816255, "support": 5633}, "IT/Research&Development": {"precision": 0.9811881188118812, "recall": 0.9668292682926829, "f1-score": 0.9739557739557739, "support": 1025}, "Medical/Medicine/Paramedical": {"precision": 0.9772948426856958, "recall": 0.9878688524590163, "f1-score": 0.982553399641285, "support": 3050}, "Businises&Corporate": {"precision": 0.9857735625370481, "recall": 0.9736533957845434, "f1-score": 0.9796759941089838, "support": 1708}, "Sales/Marketing/PR": {"precision": 0.9996009895459261, "recall": 0.9992022973835354, "f1-score": 0.9994016037020784, "support": 12536}, "HR": {"precision": 0.9946684438520493, "recall": 0.9857992073976222, "f1-score": 0.9902139658318129, "support": 3028}, "Manufacturing": {"precision": 0.9990969839263139, "recall": 0.9955011696958791, "f1-score": 0.9972958355868037, "support": 5557}, "Others": {"precision": 0.98896499238965, "recall": 0.9818662636947487, "f1-score": 0.9854028436018958, "support": 2647}, "accuracy": 0.9916229585622313, "macro avg": {"precision": 0.9883924693529581, "recall": 0.9858873932907998, "f1-score": 0.9871198106780056, "support": 40229}, "weighted avg": {"precision": 0.9916491954319856, "recall": 0.9916229585622313, "f1-score": 0.9916245570845801, "support": 40229}}}