{"train": {"Finance&Banking": {"precision": 0.9972181829676929, "recall": 0.9978490542164864, "f1-score": 0.9975335188464457, "support": 15807}, "Legal": {"precision": 0.9952899617309391, "recall": 0.9984053862508859, "f1-score": 0.9968452398502227, "support": 16932}, "IT/Research&Development": {"precision": 0.9977513652425313, "recall": 0.9942381562099872, "f1-score": 0.9959916626583293, "support": 3124}, "Medical/Medicine/Paramedical": {"precision": 0.9968766828217556, "recall": 0.996984058595433, "f1-score": 0.99693036781733, "support": 9284}, "Businises&Corporate": {"precision": 0.9979736575481256, "recall": 0.9931437789876991, "f1-score": 0.9955528603193854, "support": 4959}, "Sales/Marketing/PR": {"precision": 0.9998932336847725, "recall": 0.9998932336847725, "f1-score": 0.9998932336847725, "support": 37465}, "HR": {"precision": 0.9980982212775478, "recall": 0.9966487935656837, "f1-score": 0.9973729808283495, "support": 8952}, "Manufacturing": {"precision": 0.9997525365008662, "recall": 0.9988256381729402, "f1-score": 0.9992888723989736, "support": 16179}, "Others": {"precision": 0.9981212424849699, "recall": 0.9979962429555417, "f1-score": 0.9980587388064375, "support": 7985}, "accuracy": 0.9982599617191579, "macro avg": {"precision": 0.9978861204732445, "recall": 0.997109371404381, "f1-score": 0.9974963861344717, "support": 120687}, "weighted avg": {"precision": 0.998261427431962, "recall": 0.9982599617191579, "f1-score": 0.9982599507579282, "support": 120687}}, "test": {"Finance&Banking": {"precision": 0.9863717163736915, "recall": 0.9898909811694747, "f1-score": 0.9881282152750297, "support": 5045}, "Legal": {"precision": 0.979688320784451, "recall": 0.9932540387005149, "f1-score": 0.9864245416078984, "support": 5633}, "IT/Research&Development": {"precision": 0.9800995024875622, "recall": 0.9609756097560975, "f1-score": 0.9704433497536945, "support": 1025}, "Medical/Medicine/Paramedical": {"precision": 0.9785922802465131, "recall": 0.9891803278688525, "f1-score": 0.9838578183596934, "support": 3050}, "Businises&Corporate": {"precision": 0.9887240356083086, "recall": 0.9754098360655737, "f1-score": 0.9820218096080164, "support": 1708}, "Sales/Marketing/PR": {"precision": 0.9996009895459261, "recall": 0.9992022973835354, "f1-score": 0.9994016037020784, "support": 12536}, "HR": {"precision": 0.9943333333333333, "recall": 0.9851387054161163, "f1-score": 0.9897146648971467, "support": 3028}, "Manufacturing": {"precision": 0.9998191354675349, "recall": 0.9947813568472197, "f1-score": 0.9972938841782429, "support": 5557}, "Others": {"precision": 0.9927536231884058, "recall": 0.9833774083868531, "f1-score": 0.9880432719681153, "support": 2647}, "accuracy": 0.9917472470108628, "macro avg": {"precision": 0.9888869930039696, "recall": 0.9856900623993597, "f1-score": 0.9872587954833238, "support": 40229}, "weighted avg": {"precision": 0.9917853248243447, "recall": 0.9917472470108628, "f1-score": 0.9917489245032394, "support": 40229}}}