{"train": {"Finance&Banking": {"precision": 0.21212121212121213, "recall": 1.0, "f1-score": 0.35, "support": 14}, "micro avg": {"precision": 0.21212121212121213, "recall": 1.0, "f1-score": 0.35, "support": 14}, "macro avg": {"precision": 0.21212121212121213, "recall": 1.0, "f1-score": 0.35, "support": 14}, "weighted avg": {"precision": 0.21212121212121213, "recall": 1.0, "f1-score": 0.35, "support": 14}}, "test": {"Finance&Banking": {"precision": 0.18181818181818182, "recall": 1.0, "f1-score": 0.3076923076923077, "support": 4}, "micro avg": {"precision": 0.18181818181818182, "recall": 1.0, "f1-score": 0.3076923076923077, "support": 4}, "macro avg": {"precision": 0.18181818181818182, "recall": 1.0, "f1-score": 0.3076923076923077, "support": 4}, "weighted avg": {"precision": 0.18181818181818182, "recall": 1.0, "f1-score": 0.3076923076923077, "support": 4}}}