{"accuracy_train": 0.9991572883887141, "accuracy_test": 0.99583986687574}