{"accuracy_train": 0.2641509433962264, "accuracy_test": 0.2222222222222222}