{"accuracy_train": 0.9991359539175423, "accuracy_test": 0.9958718678997728}