{"train": {"Finance&Banking": {"precision": 0.2641509433962264, "recall": 1.0, "f1-score": 0.41791044776119407, "support": 14}, "micro avg": {"precision": 0.2641509433962264, "recall": 1.0, "f1-score": 0.41791044776119407, "support": 14}, "macro avg": {"precision": 0.2641509433962264, "recall": 1.0, "f1-score": 0.41791044776119407, "support": 14}, "weighted avg": {"precision": 0.2641509433962264, "recall": 1.0, "f1-score": 0.41791044776119407, "support": 14}}, "test": {"Finance&Banking": {"precision": 0.2222222222222222, "recall": 1.0, "f1-score": 0.3636363636363636, "support": 4}, "micro avg": {"precision": 0.2222222222222222, "recall": 1.0, "f1-score": 0.3636363636363636, "support": 4}, "macro avg": {"precision": 0.2222222222222222, "recall": 1.0, "f1-score": 0.3636363636363636, "support": 4}, "weighted avg": {"precision": 0.2222222222222222, "recall": 1.0, "f1-score": 0.3636363636363636, "support": 4}}}