{"accuracy_train": 0.22727272727272727, "accuracy_test": 0.15789473684210525}