{"accuracy_train": 0.9962131313670063, "accuracy_test": 0.9921277480879388}