{"accuracy_train": 0.9961277934823191, "accuracy_test": 0.9927357675445614}