{"accuracy_train": 0.26785714285714285, "accuracy_test": 0.15789473684210525}