{"train": {"Finance&Banking": {"precision": 0.998569878686261, "recall": 0.9993090855253417, "f1-score": 0.998939345354086, "support": 20263}, "Legal": {"precision": 0.9983070808184896, "recall": 0.9988952717631463, "f1-score": 0.9986010896775143, "support": 13578}, "IT/Research&Development": {"precision": 0.9973226238286479, "recall": 0.9893758300132802, "f1-score": 0.9933333333333334, "support": 753}, "Medical/Medicine/Paramedical": {"precision": 0.9996927803379416, "recall": 0.998159509202454, "f1-score": 0.9989255564082886, "support": 3260}, "Businises&Corporate": {"precision": 1.0, "recall": 0.9965132496513249, "f1-score": 0.9982535801606706, "support": 2868}, "Sales/Marketing/PR": {"precision": 0.9995534180693919, "recall": 0.999725133138636, "f1-score": 0.9996392682298376, "support": 29105}, "HR": {"precision": 0.99992359996944, "recall": 0.9996181165508287, "f1-score": 0.9997708349247574, "support": 13093}, "Manufacturing": {"precision": 0.9992228650375615, "recall": 0.9987916450889004, "f1-score": 0.9990072085293736, "support": 11586}, "Others": {"precision": 0.999330907874378, "recall": 0.9994144954205177, "f1-score": 0.9993726998996321, "support": 23911}, "accuracy": 0.999206195056453, "macro avg": {"precision": 0.9991025727357901, "recall": 0.9977558151504922, "f1-score": 0.9984269907241661, "support": 118417}, "weighted avg": {"precision": 0.9992063367137892, "recall": 0.999206195056453, "f1-score": 0.9992060322518191, "support": 118417}}, "test": {"Finance&Banking": {"precision": 0.992695175772333, "recall": 0.9964864039107852, "f1-score": 0.994587176945948, "support": 6546}, "Legal": {"precision": 0.991514360313316, "recall": 0.9943268601352826, "f1-score": 0.9929186185859026, "support": 4583}, "IT/Research&Development": {"precision": 0.9798387096774194, "recall": 0.9642857142857143, "f1-score": 0.972, "support": 252}, "Medical/Medicine/Paramedical": {"precision": 0.9949849548645938, "recall": 0.9870646766169154, "f1-score": 0.9910089910089911, "support": 1005}, "Businises&Corporate": {"precision": 1.0, "recall": 0.9782157676348547, "f1-score": 0.9889879391714734, "support": 964}, "Sales/Marketing/PR": {"precision": 0.9990900818926297, "recall": 0.9980810019189981, "f1-score": 0.9985852869846403, "support": 9901}, "HR": {"precision": 0.9965253648366922, "recall": 0.9951422623178349, "f1-score": 0.9958333333333333, "support": 4323}, "Manufacturing": {"precision": 0.9946153846153846, "recall": 0.9961479198767335, "f1-score": 0.9953810623556583, "support": 3894}, "Others": {"precision": 0.9962546816479401, "recall": 0.9968769519050593, "f1-score": 0.9965657196378395, "support": 8005}, "accuracy": 0.9956425911382464, "macro avg": {"precision": 0.9939465237355899, "recall": 0.9896252842891309, "f1-score": 0.9917631253359763, "support": 39473}, "weighted avg": {"precision": 0.9956474870339538, "recall": 0.9956425911382464, "f1-score": 0.9956402849426561, "support": 39473}}}