{"train": {"Finance&Banking": {"precision": 0.9986093175722658, "recall": 0.9995525727069351, "f1-score": 0.9990807225024223, "support": 20115}, "Legal": {"precision": 0.9988150781307857, "recall": 0.9990370370370371, "f1-score": 0.998926045254231, "support": 13500}, "IT/Research&Development": {"precision": 0.9891304347826086, "recall": 0.9811320754716981, "f1-score": 0.9851150202976996, "support": 742}, "Medical/Medicine/Paramedical": {"precision": 0.9996890547263682, "recall": 0.9962813758909204, "f1-score": 0.997982306379016, "support": 3227}, "Businises&Corporate": {"precision": 0.9993067590987869, "recall": 0.9968879668049793, "f1-score": 0.9980958975246669, "support": 2892}, "Sales/Marketing/PR": {"precision": 0.9996587729475193, "recall": 0.9997611166092208, "f1-score": 0.9997099421590541, "support": 29303}, "Others": {"precision": 0.9993323596912164, "recall": 0.999290661770842, "f1-score": 0.9993115102960506, "support": 23966}, "accuracy": 0.9991359539175423, "macro avg": {"precision": 0.9977916824213644, "recall": 0.9959918294702333, "f1-score": 0.9968887777733058, "support": 93745}, "weighted avg": {"precision": 0.9991354935548238, "recall": 0.9991359539175423, "f1-score": 0.9991353994164764, "support": 93745}}, "test": {"Finance&Banking": {"precision": 0.9928645755909024, "recall": 0.997759187331939, "f1-score": 0.9953058639445646, "support": 6694}, "Legal": {"precision": 0.992933618843683, "recall": 0.994850890366874, "f1-score": 0.993891329975351, "support": 4661}, "IT/Research&Development": {"precision": 0.9801587301587301, "recall": 0.9391634980988594, "f1-score": 0.9592233009708738, "support": 263}, "Medical/Medicine/Paramedical": {"precision": 0.9980563654033042, "recall": 0.9894026974951831, "f1-score": 0.9937106918238995, "support": 1038}, "Businises&Corporate": {"precision": 1.0, "recall": 0.9765957446808511, "f1-score": 0.9881593110871906, "support": 940}, "Sales/Marketing/PR": {"precision": 0.9982495881383855, "recall": 0.9991755127280223, "f1-score": 0.9987123358228174, "support": 9703}, "Others": {"precision": 0.9969777106157914, "recall": 0.9958490566037735, "f1-score": 0.9964130639984897, "support": 7950}, "accuracy": 0.9958718678997728, "macro avg": {"precision": 0.9941772269643996, "recall": 0.9846852267579289, "f1-score": 0.9893451282318838, "support": 31249}, "weighted avg": {"precision": 0.9958735278843668, "recall": 0.9958718678997728, "f1-score": 0.9958626443798946, "support": 31249}}}