{"train": {"Finance&Banking": {"precision": 0.9980272243045966, "recall": 0.9986675220845876, "f1-score": 0.9983472705296135, "support": 20263}, "Legal": {"precision": 0.9975692398350029, "recall": 0.9974223007806746, "f1-score": 0.9974957648965161, "support": 13578}, "IT/Research&Development": {"precision": 0.9973190348525469, "recall": 0.9880478087649402, "f1-score": 0.9926617745163442, "support": 753}, "Medical/Medicine/Paramedical": {"precision": 0.9993851829080849, "recall": 0.997239263803681, "f1-score": 0.9983110701673575, "support": 3260}, "Businises&Corporate": {"precision": 0.9985994397759104, "recall": 0.9944211994421199, "f1-score": 0.9965059399021663, "support": 2868}, "Sales/Marketing/PR": {"precision": 0.999621915171513, "recall": 0.999244116131249, "f1-score": 0.9994329799481091, "support": 29105}, "HR": {"precision": 0.9993123997249599, "recall": 0.9990071030321546, "f1-score": 0.999159728057444, "support": 13093}, "Manufacturing": {"precision": 0.998274374460742, "recall": 0.9986190229587433, "f1-score": 0.9984466689678977, "support": 11586}, "Others": {"precision": 0.997994736182479, "recall": 0.9990799213750994, "f1-score": 0.9985370339408126, "support": 23911}, "accuracy": 0.9985728400483038, "macro avg": {"precision": 0.9984559496906483, "recall": 0.9968609175970278, "f1-score": 0.9976553589918069, "support": 118417}, "weighted avg": {"precision": 0.9985731190402776, "recall": 0.9985728400483038, "f1-score": 0.998572612084151, "support": 118417}}, "test": {"Finance&Banking": {"precision": 0.9910102087460003, "recall": 0.9935838680109991, "f1-score": 0.9922953695934091, "support": 6546}, "Legal": {"precision": 0.9889250814332248, "recall": 0.993672267073969, "f1-score": 0.9912929908576403, "support": 4583}, "IT/Research&Development": {"precision": 0.9714285714285714, "recall": 0.9444444444444444, "f1-score": 0.9577464788732395, "support": 252}, "Medical/Medicine/Paramedical": {"precision": 0.9929435483870968, "recall": 0.9800995024875622, "f1-score": 0.9864797195793691, "support": 1005}, "Businises&Corporate": {"precision": 0.9978835978835979, "recall": 0.9782157676348547, "f1-score": 0.9879518072289156, "support": 964}, "Sales/Marketing/PR": {"precision": 0.9984823957911777, "recall": 0.9967680032319968, "f1-score": 0.9976244629770028, "support": 9901}, "HR": {"precision": 0.9972151311209098, "recall": 0.9939856581077955, "f1-score": 0.9955977757182577, "support": 4323}, "Manufacturing": {"precision": 0.9915492957746479, "recall": 0.9943502824858758, "f1-score": 0.9929478138222848, "support": 3894}, "Others": {"precision": 0.9930218068535825, "recall": 0.9955028107432854, "f1-score": 0.9942607610729882, "support": 8005}, "accuracy": 0.9938692270666025, "macro avg": {"precision": 0.9913844041576455, "recall": 0.9856247338023092, "f1-score": 0.9884663533025674, "support": 39473}, "weighted avg": {"precision": 0.993875111172755, "recall": 0.9938692270666025, "f1-score": 0.993865584355372, "support": 39473}}}